name,leg,path,index,x,y,z,r,angleDeg,sx,sy,sz
StationDown,1,,,18.5,101.2,-87.1,89.0,-78,0.3,4.0,4.0
Branch,1,inner,1,13.1,3.0,-58.5,60.0,-77,10.5,6.0,6.0
Fruit_bounce,1,inner,2,26.8,6.8,-53.7,60.0,-64,4.5,4.5,4.5
Branch,1,inner,3,36.9,18.5,-47.3,60.0,-52,7.5,5.0,5.0
Knot,1,inner,4,47.8,26.2,-36.2,60.0,-37,3.8,1.5,3.8
Branch,1,inner,5,56.2,27.5,-21.0,60.0,-21,9.0,5.0,5.0
Branch,1,inner,6,59.9,32.0,-3.7,60.0,-4,10.5,6.0,6.0
Fruit_bounce,1,inner,7,59.0,35.8,10.7,60.0,10,4.5,4.5,4.5
Branch,1,inner,8,55.7,47.5,22.2,60.0,22,7.5,5.0,5.0
Knot,1,inner,9,48.1,55.2,35.8,60.0,37,3.8,1.5,3.8
Branch,1,inner,10,35.9,56.5,48.1,60.0,53,9.0,5.0,5.0
Branch,1,inner,11,20.3,61.0,56.4,60.0,70,10.5,6.0,6.0
Fruit_bounce,1,inner,12,6.2,64.8,59.7,60.0,84,4.5,4.5,4.5
Branch,1,inner,13,-5.7,76.5,59.7,60.0,95,7.5,5.0,5.0
Knot,1,inner,14,-20.9,84.2,56.2,60.0,110,3.8,1.5,3.8
Branch,1,inner,15,-36.1,85.5,47.9,60.0,127,9.0,5.0,5.0
Branch,1,inner,16,-48.5,90.0,35.3,60.0,144,10.5,6.0,6.0
Fruit_bounce,1,inner,17,-55.6,93.8,22.7,60.0,158,4.5,4.5,4.5
Branch,1,outer,1,-14.2,1.0,-119.2,120.0,-97,16.5,8.0,8.0
Fruit_bounce,1,outer,2,-30.8,5.4,-116.0,120.0,-105,5.2,5.2,5.2
Branch,1,outer,3,-47.9,18.5,-110.0,120.0,-114,15.0,7.0,7.0
Branch,1,outer,4,-64.8,22.5,-101.0,120.0,-123,13.5,7.0,7.0
Branch,1,outer,5,-81.4,26.0,-88.1,120.0,-133,16.5,8.0,8.0
Fruit_bounce,1,outer,6,-93.0,30.4,-75.9,120.0,-141,5.2,5.2,5.2
Branch,1,outer,7,-103.3,43.5,-61.0,120.0,-149,15.0,7.0,7.0
Branch,1,outer,8,-111.8,47.5,-43.7,120.0,-159,13.5,7.0,7.0
Branch,1,outer,9,-117.7,51.0,-23.6,120.0,-169,16.5,8.0,8.0
Fruit_bounce,1,outer,10,-119.8,55.4,-6.9,120.0,-177,5.2,5.2,5.2
Branch,1,outer,11,-119.5,68.5,11.2,120.0,175,15.0,7.0,7.0
Branch,1,outer,12,-116.1,72.5,30.2,120.0,165,13.5,7.0,7.0
Branch,1,outer,13,-109.1,76.0,49.9,120.0,155,16.5,8.0,8.0
Fruit_bounce,1,outer,14,-101.0,80.4,64.7,120.0,147,5.2,5.2,5.2
Branch,1,outer,15,-90.1,93.5,79.2,120.0,139,15.0,7.0,7.0
StationDown,2,,,18.5,231.1,-87.1,89.0,-78,0.3,4.0,4.0
VineTop,2,inner,1,-59.6,116.5,7.7,60.1,173,4.0,1.0,4.0
Vine,2,inner,1,-59.1,110.0,10.2,60.0,170,2.0,18.0,2.0
LeafPad,2,inner,2,-60.0,118.6,0.9,60.0,179,4.7,0.8,6.8
LeafPad,2,inner,3,-57.9,126.6,-15.7,60.0,-165,4.7,0.8,6.8
LeafPad,2,inner,4,-52.5,138.6,-29.0,60.0,-151,4.2,0.8,6.0
LeafPad,2,inner,5,-40.9,143.6,-43.9,60.0,-133,4.2,0.8,6.0
Vine,2,inner,6,-34.7,153.0,-49.0,60.0,-125,2.0,18.0,2.0
VineTop,2,inner,6,-32.7,159.5,-50.4,60.1,-123,4.0,1.0,4.0
LeafPad,2,inner,7,-26.7,161.6,-53.8,60.0,-116,4.7,0.8,6.8
LeafPad,2,inner,8,-10.8,169.6,-59.0,60.0,-100,4.7,0.8,6.8
LeafPad,2,inner,9,3.5,181.6,-59.9,60.0,-87,4.2,0.8,6.0
LeafPad,2,inner,10,22.0,186.6,-55.8,60.0,-69,4.2,0.8,6.0
Vine,2,inner,11,29.2,196.0,-52.4,60.0,-61,2.0,18.0,2.0
VineTop,2,inner,11,31.4,202.5,-51.2,60.1,-58,4.0,1.0,4.0
LeafPad,2,inner,12,37.0,204.6,-47.2,60.0,-52,4.7,0.8,6.8
LeafPad,2,inner,13,48.6,212.6,-35.2,60.0,-36,4.7,0.8,6.8
LeafPad,2,inner,14,55.6,224.6,-22.7,60.0,-22,4.2,0.8,6.0
Vine,2,outer,1,-81.1,109.0,88.5,120.0,132,2.0,16.0,2.0
VineTop,2,outer,1,-79.2,114.5,90.2,120.0,131,4.0,1.0,4.0
LeafPad,2,outer,2,-72.4,116.6,95.7,120.0,127,7.3,0.8,10.5
LeafPad,2,outer,3,-56.9,122.6,105.7,120.0,118,7.3,0.8,10.5
Branch,2,outer,4,-38.8,124.5,113.6,120.0,109,15.0,7.0,7.0
LeafPad,2,outer,5,-18.4,135.6,118.6,120.0,99,6.3,0.8,9.0
VineTop,2,outer,6,-6.5,149.5,119.9,120.0,93,4.0,1.0,4.0
Vine,2,outer,6,-9.0,144.0,119.7,120.0,94,2.0,16.0,2.0
LeafPad,2,outer,7,2.3,151.6,120.0,120.0,89,7.3,0.8,10.5
LeafPad,2,outer,8,20.7,157.6,118.2,120.0,80,7.3,0.8,10.5
Branch,2,outer,9,39.7,159.5,113.2,120.0,71,15.0,7.0,7.0
LeafPad,2,outer,10,58.9,170.6,104.6,120.0,61,6.3,0.8,9.0
VineTop,2,outer,11,69.0,184.5,98.2,120.0,55,4.0,1.0,4.0
Vine,2,outer,11,66.9,179.0,99.6,120.0,56,2.0,16.0,2.0
LeafPad,2,outer,12,76.0,186.6,92.9,120.0,51,7.3,0.8,10.5
LeafPad,2,outer,13,89.3,192.6,80.1,120.0,42,7.3,0.8,10.5
Branch,2,outer,14,101.3,194.5,64.4,120.0,32,15.0,7.0,7.0
LeafPad,2,outer,15,110.9,205.6,45.8,120.0,22,6.3,0.8,9.0
VineTop,2,outer,16,115.0,219.5,34.5,120.0,17,4.0,1.0,4.0
Vine,2,outer,16,114.2,214.0,36.9,120.0,18,2.0,16.0,2.0
LeafPad,2,outer,17,117.1,221.6,26.0,120.0,13,7.3,0.8,10.5
LeafPad,2,outer,18,119.8,227.6,7.7,120.0,4,7.3,0.8,10.5
StationDown,3,,,18.5,361.1,-87.1,89.0,-78,0.3,4.0,4.0
Fruit_soft,3,inner,1,59.9,235.0,-3.2,60.0,-3,4.0,4.0,4.0
Fruit_soft,3,inner,2,59.4,245.0,8.7,60.0,8,4.0,4.0,4.0
TunnelLip,3,inner,3,55.2,250.5,17.8,58.0,18,6.0,1.0,8.0
Branch,3,inner,4,-50.7,265.0,-32.0,60.0,-148,6.0,4.0,4.0
Fruit_soft,3,inner,5,-42.7,277.0,-42.2,60.0,-135,4.0,4.0,4.0
Fruit_soft,3,inner,6,-31.8,283.0,-50.9,60.0,-122,4.0,4.0,4.0
Fruit_soft,3,inner,7,-21.0,293.0,-56.2,60.0,-111,4.0,4.0,4.0
TunnelLip,3,inner,8,-11.0,298.5,-56.9,58.0,-101,6.0,1.0,8.0
Branch,3,inner,9,-3.5,313.0,59.9,60.0,93,6.0,4.0,4.0
Fruit_soft,3,inner,10,-16.3,325.0,57.7,60.0,106,4.0,4.0,4.0
Fruit_soft,3,inner,11,-29.2,331.0,52.4,60.0,119,4.0,4.0,4.0
Fruit_soft,3,inner,12,-39.0,341.0,45.6,60.0,131,4.0,4.0,4.0
TunnelLip,3,inner,13,-44.5,346.5,37.2,58.0,140,6.0,1.0,8.0
Branch,3,outer,1,119.2,233.0,-14.0,120.0,-7,13.5,6.0,6.0
Fruit_soft,3,outer,2,116.0,239.8,-30.7,120.0,-15,4.5,4.5,4.5
Fruit_soft,3,outer,3,111.8,247.8,-43.5,120.0,-21,4.5,4.5,4.5
Branch,3,outer,4,105.9,251.0,-56.4,120.0,-28,12.0,6.0,6.0
LeafPad,3,outer,5,96.0,263.6,-72.0,120.0,-37,6.3,0.8,9.0
Branch,3,outer,6,84.0,266.0,-85.7,120.0,-46,13.5,6.0,6.0
Fruit_soft,3,outer,7,71.0,272.8,-96.7,120.0,-54,4.5,4.5,4.5
Fruit_soft,3,outer,8,59.7,280.8,-104.1,120.0,-60,4.5,4.5,4.5
Branch,3,outer,9,46.9,284.0,-110.4,120.0,-67,12.0,6.0,6.0
LeafPad,3,outer,10,29.4,296.6,-116.3,120.0,-76,6.3,0.8,9.0
Branch,3,outer,11,11.5,299.0,-119.5,120.0,-85,13.5,6.0,6.0
Fruit_soft,3,outer,12,-5.5,305.8,-119.9,120.0,-93,4.5,4.5,4.5
Fruit_soft,3,outer,13,-18.9,313.8,-118.5,120.0,-99,4.5,4.5,4.5
Branch,3,outer,14,-32.8,317.0,-115.4,120.0,-106,12.0,6.0,6.0
LeafPad,3,outer,15,-50.2,329.6,-109.0,120.0,-115,6.3,0.8,9.0
Branch,3,outer,16,-66.1,332.0,-100.1,120.0,-123,13.5,6.0,6.0
Fruit_soft,3,outer,17,-79.6,338.8,-89.8,120.0,-132,4.5,4.5,4.5
Fruit_soft,3,outer,18,-89.2,346.8,-80.3,120.0,-138,4.5,4.5,4.5
Branch,3,outer,19,-98.1,350.0,-69.2,120.0,-145,12.0,6.0,6.0
Knot,3,outer,20,-104.7,357.2,-58.6,120.0,-151,3.0,1.5,3.0
StationDown,4,,,18.5,471.1,-87.1,89.0,-78,0.3,4.0,4.0
ShortcutVine,4,,,11.8,385.5,49.6,51.0,77,2.0,21.0,2.0
ShortcutLedge,4,,,12.5,375.5,52.5,54.0,77,4.0,1.0,4.0
PadCap,4,inner,1,55.6,363.4,-22.5,60.0,-22,1.2,5.2,5.2
Branch,4,inner,2,57.3,374.8,17.7,60.0,17,9.0,2.5,2.5
Branch,4,inner,3,47.8,378.8,36.3,60.0,37,9.0,2.5,2.5
Branch,4,inner,4,26.1,381.8,54.0,60.0,64,7.5,2.5,2.5
Knot,4,inner,5,13.9,393.2,58.4,60.0,77,2.5,1.5,2.5
PadCap,4,inner,6,2.1,396.4,60.0,60.0,88,1.2,5.2,5.2
Branch,4,inner,7,-36.3,407.8,47.8,60.0,127,9.0,2.5,2.5
Branch,4,inner,8,-50.5,411.8,32.4,60.0,147,9.0,2.5,2.5
Branch,4,inner,9,-59.7,414.8,6.0,60.0,174,7.5,2.5,2.5
Knot,4,inner,10,-59.6,426.2,-7.0,60.0,-173,2.5,1.5,2.5
PadCap,4,inner,11,-57.0,429.4,-18.6,60.0,-162,1.2,5.2,5.2
Branch,4,inner,12,-32.4,440.8,-50.5,60.0,-123,9.0,2.5,2.5
Branch,4,inner,13,-13.1,444.8,-58.5,60.0,-103,9.0,2.5,2.5
Branch,4,inner,14,14.9,447.8,-58.1,60.0,-76,7.5,2.5,2.5
Knot,4,inner,15,27.0,459.2,-53.6,60.0,-63,2.5,1.5,2.5
PadCap,4,inner,16,37.0,462.4,-47.2,60.0,-52,1.2,5.2,5.2
Knot,4,inner,17,43.7,467.2,-41.1,60.0,-43,3.0,1.5,3.0
PadCap,4,outer,1,-111.8,362.4,-43.6,120.0,-159,1.2,5.2,5.2
Branch,4,outer,2,-120.0,373.2,2.0,120.0,179,12.0,3.5,3.5
PadCap,4,outer,3,-118.8,376.4,16.6,120.0,172,1.2,5.2,5.2
Branch,4,outer,4,-104.7,385.5,58.6,120.0,151,12.0,3.0,3.0
Branch,4,outer,5,-93.4,389.5,75.4,120.0,141,10.5,3.0,3.0
PadCap,4,outer,6,-84.0,392.4,85.7,120.0,134,1.2,5.2,5.2
Branch,4,outer,7,-45.3,403.2,111.1,120.0,112,12.0,3.5,3.5
PadCap,4,outer,8,-31.5,406.4,115.8,120.0,105,1.2,5.2,5.2
Branch,4,outer,9,12.8,415.5,119.3,120.0,84,12.0,3.0,3.0
Branch,4,outer,10,32.6,419.5,115.5,120.0,74,10.5,3.0,3.0
PadCap,4,outer,11,45.7,422.4,111.0,120.0,68,1.2,5.2,5.2
Branch,4,outer,12,84.3,433.2,85.4,120.0,45,12.0,3.5,3.5
PadCap,4,outer,13,94.1,436.4,74.5,120.0,38,1.2,5.2,5.2
Branch,4,outer,14,114.7,445.5,35.2,120.0,17,12.0,3.0,3.0
Branch,4,outer,15,119.0,449.5,15.4,120.0,7,10.5,3.0,3.0
PadCap,4,outer,16,120.0,452.4,1.6,120.0,1,1.2,5.2,5.2
Branch,4,outer,17,111.6,463.2,-44.0,120.0,-22,12.0,3.5,3.5
PadCap,4,outer,18,105.5,466.4,-57.2,120.0,-28,1.2,5.2,5.2
StationDown,5,,,18.5,581.2,-87.1,89.0,-78,0.3,4.0,4.0
Fruit_bounce,5,inner,1,54.8,473.0,-24.5,60.0,-24,4.0,4.0,4.0
Fruit_soft,5,inner,2,58.5,491.0,-13.1,60.0,-13,4.0,4.0,4.0
Branch,5,inner,3,57.7,496.8,16.3,60.0,16,7.5,2.5,2.5
Knot,5,inner,4,52.9,510.2,28.3,60.0,28,2.5,1.5,2.5
Fruit_bounce,5,inner,5,45.4,513.0,39.2,60.0,41,4.0,4.0,4.0
Fruit_soft,5,inner,6,36.7,531.0,47.5,60.0,52,4.0,4.0,4.0
Branch,5,inner,7,9.7,536.8,59.2,60.0,81,7.5,2.5,2.5
Knot,5,inner,8,-3.3,550.2,59.9,60.0,93,2.5,1.5,2.5
Fruit_bounce,5,inner,9,-16.3,553.0,57.7,60.0,106,4.0,4.0,4.0
Fruit_soft,5,inner,10,-27.5,571.0,53.3,60.0,117,4.0,4.0,4.0
Branch,5,inner,11,-49.5,576.8,33.9,60.0,146,7.5,2.5,2.5
PadCap,5,outer,1,95.4,472.4,-72.8,120.0,-37,1.2,5.2,5.2
Branch,5,outer,2,63.0,481.5,-102.1,120.0,-58,10.5,3.0,3.0
Fruit_soft,5,outer,3,47.7,487.0,-110.1,120.0,-67,4.0,4.0,4.0
Branch,5,outer,4,22.5,492.5,-117.9,120.0,-79,9.0,3.0,3.0
VineTop,5,outer,5,9.6,509.5,-119.6,120.0,-85,4.0,1.0,4.0
Vine,5,outer,5,12.1,503.0,-119.4,120.0,-84,2.0,18.0,2.0
PadCap,5,outer,6,0.5,511.4,-120.0,120.0,-90,1.2,5.2,5.2
Branch,5,outer,7,-42.5,520.5,-112.2,120.0,-111,10.5,3.0,3.0
Fruit_soft,5,outer,8,-58.1,526.0,-105.0,120.0,-119,4.0,4.0,4.0
Branch,5,outer,9,-79.7,531.5,-89.7,120.0,-132,9.0,3.0,3.0
Vine,5,outer,10,-87.2,542.0,-82.4,120.0,-137,2.0,18.0,2.0
VineTop,5,outer,10,-88.9,548.5,-80.6,120.0,-138,4.0,1.0,4.0
PadCap,5,outer,11,-94.8,550.4,-73.6,120.0,-142,1.2,5.2,5.2
Branch,5,outer,12,-114.8,559.5,-34.8,120.0,-163,10.5,3.0,3.0
Fruit_soft,5,outer,13,-118.6,565.0,-18.0,120.0,-171,4.0,4.0,4.0
Branch,5,outer,14,-119.7,570.5,8.4,120.0,176,9.0,3.0,3.0
Knot,5,outer,15,-118.4,576.2,19.3,120.0,171,3.0,1.5,3.0
Fruit_hang,6,inner,1,-58.4,585.0,13.8,60.0,167,4.0,4.0,4.0
Branch,6,inner,2,-58.1,590.8,-14.9,60.0,-166,6.0,2.5,2.5
Knot,6,inner,3,-52.0,599.2,-29.9,60.0,-150,2.5,1.5,2.5
LeafPad,6,inner,4,-31.1,605.6,-51.3,60.0,-121,4.2,0.8,6.0
Knot,6,inner,5,-18.2,615.2,-57.2,60.0,-108,2.5,1.5,2.5
Branch,6,inner,6,7.8,617.8,-59.5,60.0,-83,6.0,2.5,2.5
Fruit_hang,6,inner,7,24.1,623.0,-55.0,60.0,-66,4.0,4.0,4.0
Branch,6,inner,8,46.9,628.8,-37.5,60.0,-39,6.0,2.5,2.5
Knot,6,inner,9,55.2,637.2,-23.6,60.0,-23,2.5,1.5,2.5
LeafPad,6,inner,10,59.7,643.6,6.0,60.0,6,4.2,0.8,6.0
Knot,6,inner,11,56.6,653.2,19.9,60.0,19,2.5,1.5,2.5
Branch,6,inner,12,42.8,655.8,42.0,60.0,44,6.0,2.5,2.5
Fruit_hang,6,inner,13,29.4,661.0,52.3,60.0,61,4.0,4.0,4.0
Branch,6,inner,14,1.7,666.8,60.0,60.0,88,6.0,2.5,2.5
Knot,6,inner,15,-14.4,675.2,58.2,60.0,104,2.5,1.5,2.5
LeafPad,6,inner,16,-40.7,681.6,44.0,60.0,133,4.2,0.8,6.0
Knot,6,inner,17,-50.0,691.2,33.2,60.0,146,2.5,1.5,2.5
Branch,6,inner,18,-59.3,693.8,8.9,60.0,171,6.0,2.5,2.5
Fruit_hang,6,inner,19,-59.5,699.0,-8.0,60.0,-172,4.0,4.0,4.0
Branch,6,inner,20,-48.9,704.8,-34.7,60.0,-145,6.0,2.5,2.5
Knot,6,inner,21,-37.9,713.2,-46.6,60.0,-129,2.5,1.5,2.5
LeafPad,6,inner,22,-10.7,719.6,-59.0,60.0,-100,4.2,0.8,6.0
Knot,6,inner,23,3.5,729.2,-59.9,60.0,-87,2.5,1.5,2.5
Branch,6,inner,24,28.6,731.8,-52.8,60.0,-62,6.0,2.5,2.5
Fruit_hang,6,inner,25,42.2,737.0,-42.7,60.0,-45,4.0,4.0,4.0
Branch,6,inner,26,57.2,742.8,-18.2,60.0,-18,6.0,2.5,2.5
Knot,6,inner,27,59.3,748.2,-8.9,60.0,-9,3.0,1.5,3.0
Fruit_hang,6,outer,1,-113.5,583.8,38.9,120.0,161,4.5,4.5,4.5
LeafPad,6,outer,2,-105.5,591.6,57.2,120.0,152,5.2,0.8,7.5
PadCap,6,outer,3,-97.9,593.4,69.4,120.0,145,1.2,5.2,5.2
Branch,6,outer,4,-68.9,602.8,98.3,120.0,125,9.0,2.5,2.5
Branch,6,outer,5,-40.3,606.8,113.0,120.0,110,7.5,2.5,2.5
Knot,6,outer,6,-25.9,616.2,117.2,120.0,102,2.5,1.5,2.5
Branch,6,outer,7,-1.8,618.8,120.0,120.0,91,6.0,2.5,2.5
Fruit_hang,6,outer,8,13.4,622.8,119.3,120.0,84,4.5,4.5,4.5
LeafPad,6,outer,9,33.0,630.6,115.4,120.0,74,5.2,0.8,7.5
PadCap,6,outer,10,46.5,632.4,110.6,120.0,67,1.2,5.2,5.2
Branch,6,outer,11,81.0,641.8,88.5,120.0,48,9.0,2.5,2.5
Branch,6,outer,12,101.6,645.8,63.8,120.0,32,7.5,2.5,2.5
Knot,6,outer,13,108.8,655.2,50.7,120.0,25,2.5,1.5,2.5
Branch,6,outer,14,116.7,657.8,27.8,120.0,13,6.0,2.5,2.5
Fruit_hang,6,outer,15,119.3,661.8,12.8,120.0,6,4.5,4.5,4.5
LeafPad,6,outer,16,119.8,669.6,-7.2,120.0,-3,5.2,0.8,7.5
PadCap,6,outer,17,118.1,671.4,-21.4,120.0,-10,1.2,5.2,5.2
Branch,6,outer,18,104.0,680.8,-59.9,120.0,-30,9.0,2.5,2.5
Branch,6,outer,19,84.4,684.8,-85.3,120.0,-45,7.5,2.5,2.5
Knot,6,outer,20,73.1,694.2,-95.2,120.0,-52,2.5,1.5,2.5
Branch,6,outer,21,52.5,696.8,-107.9,120.0,-64,6.0,2.5,2.5
Fruit_hang,6,outer,22,38.4,700.8,-113.7,120.0,-71,4.5,4.5,4.5
LeafPad,6,outer,23,19.0,708.6,-118.5,120.0,-81,5.2,0.8,7.5
PadCap,6,outer,24,4.7,710.4,-119.9,120.0,-88,1.2,5.2,5.2
Branch,6,outer,25,-35.9,719.8,-114.5,120.0,-107,9.0,2.5,2.5
Branch,6,outer,26,-65.0,723.8,-100.9,120.0,-123,7.5,2.5,2.5
Knot,6,outer,27,-77.1,733.2,-92.0,120.0,-130,2.5,1.5,2.5
Branch,6,outer,28,-94.0,735.8,-74.6,120.0,-142,6.0,2.5,2.5
Fruit_hang,6,outer,29,-102.7,739.8,-62.1,120.0,-149,4.5,4.5,4.5
LeafPad,6,outer,30,-111.5,747.6,-44.2,120.0,-158,5.2,0.8,7.5
TunnelStep,,,,-22.8,253.0,-7.4,24.0,-162,8.0,4.0,8.0
TunnelStep,,,,-36.2,255.0,-11.7,38.0,-162,8.0,8.0,8.0
TunnelStep,,,,4.6,301.0,23.6,24.0,79,8.0,4.0,8.0
TunnelStep,,,,7.2,303.0,37.3,38.0,79,8.0,8.0,8.0
TunnelStep,,,,18.4,349.0,-15.4,24.0,-40,8.0,4.0,8.0
TunnelStep,,,,29.2,351.0,-24.4,38.0,-40,8.0,8.0,8.0
CourseRoot,,,,91.8,0.9,-53.0,106.0,-30,11.6,12.9,17.0
CourseRoot,,,,108.9,-0.8,-62.9,125.7,-30,9.6,9.6,23.6
CourseRoot,,,,128.3,-2.9,-74.1,148.2,-30,7.2,6.3,23.8
CourseRootKnob,,,,74.3,8.0,-41.2,85.0,-29,2.5,14.0,2.5
CourseRootKnob,,,,64.7,11.5,-31.6,72.0,-26,2.5,21.0,2.5
StationSign,,,,0.0,101.2,-89.0,89.0,-90,3.0,0.4,3.0
StationSign,,,,0.0,231.2,-89.0,89.0,-90,3.0,0.4,3.0
StationSign,,,,0.0,361.2,-89.0,89.0,-90,3.0,0.4,3.0
StationSign,,,,0.0,471.2,-89.0,89.0,-90,3.0,0.4,3.0
StationSign,,,,0.0,581.2,-89.0,89.0,-90,3.0,0.4,3.0
StationSign,,,,0.0,751.2,-89.0,89.0,-90,3.0,0.4,3.0
Deck,,,,87.3,750.0,17.4,89.0,11,44.2,2.0,42.0
Deck,,,,74.0,750.0,49.4,89.0,34,44.2,2.0,42.0
Deck,,,,49.4,750.0,74.0,89.0,56,44.2,2.0,42.0
Deck,,,,17.4,750.0,87.3,89.0,79,44.2,2.0,42.0
Deck,,,,-17.4,750.0,87.3,89.0,101,44.2,2.0,42.0
Deck,,,,-49.4,750.0,74.0,89.0,124,44.2,2.0,42.0
Deck,,,,-74.0,750.0,49.4,89.0,146,44.2,2.0,42.0
Deck,,,,-87.3,750.0,17.4,89.0,169,44.2,2.0,42.0
Deck,,,,-87.3,750.0,-17.4,89.0,-169,44.2,2.0,42.0
Deck,,,,-74.0,750.0,-49.4,89.0,-146,44.2,2.0,42.0
Deck,,,,-49.4,750.0,-74.0,89.0,-124,44.2,2.0,42.0
Deck,,,,-17.4,750.0,-87.3,89.0,-101,44.2,2.0,42.0
Deck,,,,17.4,750.0,-87.3,89.0,-79,44.2,2.0,42.0
Deck,,,,49.4,750.0,-74.0,89.0,-56,44.2,2.0,42.0
Deck,,,,74.0,750.0,-49.4,89.0,-34,44.2,2.0,42.0
Deck,,,,87.3,750.0,-17.4,89.0,-11,44.2,2.0,42.0
DailyEggSpot,,,,0.0,751.2,-79.0,79.0,-90,3.0,0.4,3.0
EasterEggSpot,,,,-44.6,523.5,-117.8,126.0,-111,3.0,3.0,3.0
